name,price,count,meta_category_id
"Аккаунты FB | Подтверждены по почте, почты в комплекте нет. Пол (MIX). Профиль частично заполнен. Двухфакторная авторизация включена. Useragent и cookies в комплекте. Зарегистрированы с MIX ip.",7.56,0,3
"Аккаунты FB | Подтверждены по почте, почты в комплекте нет. Пол (MIX). Имя на Немецком языке. Профиль частично заполнен. Двухфакторная авторизация включена. Useragent и сookies в комплекте. Зарегистрированы с Germany ip.",7.71,0,3
"Аккаунты FB | Подтверждены по почте, почты в комплекте нет. Пол (Ж). Профиль частично заполнен. Зарегистрированы с Bangladesh ip.",9.26,5763,3
"Аккаунты FB | Подтверждены по почте, почты в комплекте нет. Пол (MIX). Профиль частично заполнен. Token, cookies в комплекте. Зарегистрированы с Turkey ip.",10.80,347,3
"Аккаунты FB | Подтверждены по почте, почты в комплекте нет. Пол (MIX). Профиль частично заполнен. Token, cookies в комплекте. Зарегистрированы с Indonesia ip.",12.19,2560,3
"Аккаунты FB | Аккаунты подтверждены по смс. Подтверждены по почте, почты в комплекте нет. Пол (MIX). Профиль частично заполнен. Token, cookies в комплекте. Зарегистрированы с MIX ip.",12.34,1998,3
"Аккаунты FB | Подтверждены по почте, почты в комплекте нет. Пол (MIX). Профиль частично заполнен. Token в комплекте. Зарегистрированы с Malaysia ip.",12.34,0,3
"Аккаунты FB | Подтверждены по почте, почты в комплекте нет. Пол (MIX). Профиль частично заполнен. Token в комплекте. Зарегистрированы с Vietnam ip.",12.34,0,3
"Аккаунты FB | Подтверждены по почте, почты в комплекте нет. Пол (MIX). Cookies в комплекте. Зарегистрированы с Turkey ip.",13.73,1492,3
"Аккаунты FB | Подтверждены по почте, почты в комплекте нет. Пол (MIX). Cookies в комплекте. Зарегистрированы с MIX ip.",13.73,237,3
"Аккаунты FB | Подтверждены по почте@gmail.com, сама почта при этом не работает. Пол (MIX). Профиль частично заполнен. Token и cookies в комплекте. Зарегистрированы с MIX ip",13.88,2019,3
"Аккаунты FB | Подтверждены по почте, почты в комплекте нет. Пол (Ж). Профиль частично заполнен. Двухфакторная авторизация включена. Зарегистрированы с Bangladesh ip.",13.88,0,3
"Аккаунты FB | Подтверждены по почте, почты в комплекте нет. Пол (MIX). Профиль частично заполнен. Cookies в комплекте. Зарегистрированы с MIX ip.",15.12,0,3
"Аккаунты FB | Подтверждены по почте, почты в комплекте нет. Пол (MIX). Профиль частично заполнен. Token, cookies в комплекте. Зарегистрированы с Vietnam ip.",15.43,693,3
"Аккаунты FB | Подтверждены по почте, почты в комплекте нет. Пол (MIX). Имя на Португальском. Профиль частично заполнен. Двухфакторная авторизация включена. Useragent и сookies в комплекте. Зарегистрированы с Portugal ip.",15.43,0,3
"Аккаунты FB | Подтверждены по почте, почты в комплекте нет. Пол (MIX). Профиль частично заполнен. Token, cookies в комплекте. Зарегистрированы с Peru ip.",18.47,0,3
"Аккаунты FB | Подтверждены по почте, почты в комплекте нет. Пол (MIX). Профиль частично заполнен. Cookies в комплекте. Зарегистрированы с Vietnam ip.",18.51,18,3
"Аккаунты FB | Подтверждены по почте, почты в комплекте нет. Пол (MIX). Профиль частично заполнен. Двухфакторная авторизация включена. Зарегистрированы с Bangladesh ip.",18.51,0,3
"Аккаунты FB | Подтверждены по почте, почты в комплекте нет. Пол (MIX). Профиль частично заполнен. Token и cookies в комплекте. Зарегистрированы с УКР ip.",18.98,0,3
"Аккаунты FB | Подтверждены по почте, сама почта при этом не работает. Token в комплекте. Пол (MIX). Профиль частично заполнен. Зарегистрированы с Vietnam ip.",20.06,162,3
"Аккаунты FB | Подтверждены по почте@gmail.com, почта идет в комплекте. Пол (MIX). Профиль частично заполнен. Cookies в комплекте. Зарегистрированы с MIX ip.",24.51,0,3
"Аккаунты FB | Аккаунты подтверждены по смс. Подтверждены по почте, почты в комплекте нет. Пол (MIX). В профиль аккаунтов добавлена аватарка. Token, cookies в комплекте. Зарегистрированы Poland ip.",24.68,0,3
"Аккаунты FB | Подтверждены по почте, почта идет в комплекте. Пол (Ж). В профиль аккаунтов добавлена аватарка. Двухфакторная авторизация включена. Зарегистрированы с Bangladesh ip.",29.31,386,3
"Аккаунты FB | Подтверждены по SMS. Подтверждены по почте@gmx.com, почта в комплекте. Пол (Ж). Профиль частично заполнен. Useragent и cookies в комплекте. Зарегистрированы с USA ip",30.85,0,3
"Аккаунты FB | Подтверждены по почте@outlook.com/@hotmail.com, почта требует подтверждения по смс. Token и cookies в комплекте. Двухфакторная авторизация включена. Пол (MIX). Профиль частично заполнен. Зарегистрированы с Vietnam ip.",30.85,32,3
"Аккаунты FB | Подтверждены по почте, почта в комплекте. Пол (MIX). В профиль аккаунтов добавлена аватарка. Двухфакторная авторизация включена. Cookies, token в комплекте. Зарегистрированы с Turkey ip.",30.85,171,3
"Аккаунты FB | Подтверждены по SMS. Подтверждены по почте, почта идет в комплекте. Пол (Ж). Имя на латинице. Профиль частично заполнен. Создан фанпейдж. Useragent, cookies в комплекте. Зарегистрированы с United Kingdom ip.",30.85,0,3
"Аккаунты FB | Подтверждены по почте, почты в комплекте нет. Пол (MIX). Профиль частично заполнен. Двухфакторная авторизация включена. Token, cookies в комплекте. Зарегистрированы с Vietnam ip.",32.40,292,3
"Аккаунты FB | Подтверждены по SMS. Подтверждены по почте, почта требует подтверждения по смс. Пол (Ж). Имя на латинице. Профиль частично заполнен. Useragent, token, cookies в комплекте. Зарегистрированы с USA ip.",32.40,0,3
"Аккаунты FB | Подтверждены по SMS. Подтверждены по почте, почта требует подтверждения по смс. Пол (Ж). Имя на латинице. Профиль частично заполнен. Создан фанпейдж. Useragent, token, cookies в комплекте. Зарегистрированы с USA ip.",33.94,559,3
"Аккаунты FB | Подтверждены по почте, почты в комплекте нет. Пол (MIX). В профиль аккаунтов добавлена аватарка. Зарегистрированы с Turkey ip.",35.48,56,3
"Аккаунты FB | Подтверждены по почте, почты в комплекте нет. Пол (Ж). Имя на латинице. В профиль аккаунтов добавлена аватарка. Useragent, token и cookies в комплекте. Зарегистрированы с Ukraine ip",41.65,247,3
"Аккаунты FB | Подтверждены по SMS. Подтверждены по почте@gmx.com, почта требует подтверждения по смс. Пол (Ж). Имя на латинице. Профиль частично заполнен. Создан фанпейдж. Useragent, token, cookies в комплекте. Зарегистрированы с United Kingdom ip.",41.65,0,3
"Аккаунты FB | Подтверждены по почте, почты в комплекте нет. Пол (MIX). Профиль частично заполнен. Token и cookies в комплекте. Зарегистрированы с USA ip.",46.28,0,3
"Аккаунты FB | Подтверждены по почте, почты в комплекте нет. Пол (М). Профиль частично заполнен. Зарегистрированы с Turkey ip.",50.91,284,3
"Аккаунты FB | Подтверждены по почте, почты в комплекте нет. Пол (MIX). Профиль частично заполнен. Двухфакторная авторизация включена. Зарегистрированы с Turkey ip.",50.91,0,3
"Аккаунты FB | Подтверждены по SMS. Подтверждены по почте, почта требует подтверждения по смс. Пол (Ж). Имя на латинице. Профиль частично заполнен. Useragent, token, cookies в комплекте. Зарегистрированы с Poland ip.",54.00,35,3
"Аккаунты FB | Подтверждены по SMS. Подтверждены по почте, почты в комплекте нет. Пол (Ж). Профиль частично заполнен. Создан фанпейдж. Useragent, token, cookies в комплекте. Зарегистрированы с France ip.",54.00,40,3
"Аккаунты FB | Подтверждены по SMS. Подтверждены по почте@gmx.com, почта в комплекте. Пол (Ж). В профиль аккаунтов добавлена аватарка. Зарегистрированы с USA ip",58.62,0,3
"Аккаунты FB | Аккаунты подтверждены по смс. Подтверждены по почте@rambler.ru, почта в комплекте. Пол (MIX). Профиль не заполнен. Двухфакторная авторизация включена. Зарегистрированы с Taiwan ip.",64.80,5,3
"Аккаунты FB | Подтверждены по почте@outlook.com/hotmail.com, почта идет в комплекте. Пол (MIX). Профиль не заполнен. Useragent, token, cookies в комплекте. Двухфакторная авторизация включена. Зарегистрированы с Lithuania ip.",77.14,32,3
"Аккаунты FB | Подтверждены по почте@gmail.com, почта требует подтверждения по смс. Пол (MIX). В профиль аккаунтов добавлена аватарка. Двухфакторная авторизация включена. Зарегистрированы с Canada ip.",80.22,0,3
"Аккаунты FB | Подтверждены по почте, почты в комплекте нет. Пол (MIX). Профиль не заполнен. Зарегистрированы с Italy ip.",100.73,0,3
"Аккаунты FB | Аккаунты подтверждены по смс. Подтверждены по почте@outlook.com/@hotmail.com, сама почта при этом не работает. Пол (MIX). Профиль частично заполнен. Создан фанпейдж. Token и cookies в комплекте. Двухфакторная авторизация включена. Зарегистрированы с Ukraine ip",107.99,82,3
"Аккаунты FB | Аккаунты подтверждены по смс. Подтверждены по почте@outlook.com/@hotmail.com, сама почта при этом не работает. Пол (MIX). Профиль частично заполнен. Создан фанпейдж. Token и cookies в комплекте. Двухфакторная авторизация включена. Зарегистрированы с Lithuania ip",107.99,87,3
"Аккаунты FB | Подтверждены по почте, почты в комплекте нет. Пол (MIX). Профиль частично заполнен. Зарегистрированы с USA ip.",131.13,188,3
"Аккаунты FB | Подтверждены по почте, почты в комплекте нет. Пол (MIX). Профиль частично заполнен. Зарегистрированы с Vietnam ip.",131.13,219,3
"Аккаунты FB | Подтверждены по SMS. Подтверждены по почте, почты в комплекте нет. Пол (MIX). Имя на латинице. Профиль частично заполнен. Создан фанпейдж. Двухфакторная авторизация включена. Useragent, token, cookies в комплекте. Зарегистрированы с USA ip.",138.85,0,3
"Аккаунты FB | Подтверждены по SMS(US, CA +1). Подтверждены по почте, почта идет в комплекте. Пол (MIX). Профиль частично заполнен. Зарегистрированы с USA ip.",166.21,0,3
"Аккаунты FB | Подтверждены по почте@outlook.com/@hotmail.com, сама почта при этом не работает. Пол (MIX). Профиль частично заполнен. Создан фанпейдж. Token и cookies в комплекте. Двухфакторная авторизация включена. Зарегистрированы с Ukraine ip",169.70,51,3
"Аккаунты FB | Подтверждены по почте, почты в комплекте нет. Пол (MIX). Профиль частично заполнен. Useragent и cookies в комплекте. Двухфакторная авторизация включена. Зарегистрированы с France ip.",177.41,0,3
"Аккаунты FB | Подтверждены по почте@gmail.com, почта идет в комплекте. Пол (MIX). Профиль заполнен полностью. Зарегистрированы с Germany ip.",177.41,14,3
"Аккаунты FB | Подтверждены по почте@gmail.com, почта идет в комплекте. Пол (MIX). Профиль заполнен полностью. Зарегистрированы с Ukraine ip.",185.13,19,3
"Аккаунты FB | Подтверждены по почте@gmail.com, почта идет в комплекте. Пол (MIX). В профиль аккаунтов добавлена аватарка. Двухфакторная авторизация включена. Зарегистрированы с France ip.",185.13,0,3
"Аккаунты FB | Подтверждены по почте@gmail.com, почта идет в комплекте. Пол (MIX). В профиль аккаунтов добавлена аватарка. Зарегистрированы с France ip.",185.13,24,3
"Аккаунты FB | Подтверждены по почте@gmail.com, почта идет в комплекте. Пол (Ж). Профиль заполнен полностью. Зарегистрированы с USA ip.",192.84,202,3
"Аккаунты FB | Подтверждены по почте@gmail.com, почта идет в комплекте. Пол (Ж). Профиль заполнен полностью. Двухфакторная авторизация включена. Зарегистрированы с USA ip.",231.41,42,3
"Аккаунты FB | Количество подписчиков 50+ (друзья и подписчики). Подтверждены по почте, почты в комплекте нет. Пол (MIX). Профиль частично заполнен. Зарегистрированы с Bangladesh ip.",24.68,222,3
"Аккаунты FB | Количество подписчиков 50+ (друзья и подписчики). Подтверждены по почте, почта@mail.ru в комплекте. Пол (Ж). Профиль частично заполнен. Двухфакторная авторизация включена. Зарегистрированы с Bangladesh ip.",30.85,0,3
"Аккаунты FB | Количество подписчиков 100+ (друзья и подписчики). Подтверждены по почте, почты в комплекте нет. Пол (MIX). Профиль частично заполнен. Зарегистрированы с Bangladesh ip.",33.94,437,3
"Аккаунты FB | Количество друзей 100+ (друзья и подписчики). Подтверждены по почте@outlook.com/@hotmail.com, почта требует подтверждения по смс. Пол (MIX). Профиль частично заполнен. Зарегистрированы с Vietnam ip.",35.48,0,3
"Аккаунты FB | Количество подписчиков 100+ (друзья и подписчики). Подтверждены по почте@rambler.ru, почта в комплекте. Пол (MIX). Профиль частично заполнен. Двухфакторная авторизация включена. Зарегистрированы с Bangladesh ip.",38.57,0,3
"Аккаунты FB | Количество подписчиков 250+ (друзья и подписчики). Подтверждены по почте, почты в комплекте нет. Пол (MIX). В профиле добавлена аватарка. Cookies в комплекте. Зарегистрированы с MIX ip.",46.28,36,3
"Аккаунты FB | Количество подписчиков 250+ (друзья и подписчики). Подтверждены по почте, почта@outlook.com/hotmail.com в комплекте. Пол (MIX). Профиль частично заполнен. Зарегистрированы с Vietnam ip.",46.28,0,3
"Аккаунты FB | Количество друзей 50+ (друзья и подписчики). Подтверждены по почте@mail.ru, почта идет в комплекте. Пол (MIX). В профиле добавлена аватарка. Сookies в комплекте. Зарегистрированы с MIX ip.",47.36,197,3
"Аккаунты FB | Количество друзей 100+ (друзья и подписчики). Подтверждены по почте@outlook.com/hotmail.com, почта идет в комплекте. Пол (MIX). В профиле добавлена аватарка. Cookies в комплекте. Зарегистрированы с Vietnam ip.",51.68,0,3
"Аккаунты FB | Количество друзей 100+ (друзья и подписчики). Подтверждены по почте@outlook.com/hotmail.com, почта идет в комплекте. Пол (MIX). В профиле добавлена аватарка. Token, cookies в комплекте. Зарегистрированы с Vietnam ip.",54.00,49,3
"Аккаунты FB | Количество друзей 100+ (друзья и подписчики). Подтверждены по почте@outlook.com/@hotmail.com, почта требует подтверждения по смс. Пол (MIX). Профиль частично заполнен. Двухфакторная авторизация включена. Token и cookies в комплекте. Зарегистрированы с Vietnam ip.",54.00,118,3
"Аккаунты FB | Количество друзей 100+ (друзья и подписчики). Подтверждены по почте@mail.ru, почта идет в комплекте. Пол (MIX). В профиле добавлена аватарка. Сookies в комплекте. Зарегистрированы с MIX ip.",55.08,156,3
"Аккаунты FB | Количество друзей 100+ (друзья и подписчики). Подтверждены по почте, почты в комплекте нет. Пол (MIX). В профиль аккаунтов добавлена аватарка. Двухфакторная авторизация включена. Token, cookies в комплекте. Зарегистрированы с Vietnam ip.",61.71,154,3
"Аккаунты FB | Количество друзей 100+ (друзья и подписчики). Подтверждены по почте@outlook.com/hotmail.com, почта идет в комплекте. Пол (MIX). В профиле добавлена аватарка. Двухфакторная авторизация включена. Token, cookies в комплекте. Зарегистрированы с Vietnam ip.",61.71,0,3
"Аккаунты FB | Количество друзей 100+ (друзья и подписчики). Подтверждены по почте@outlook.com/hotmail.com, почта идет в комплекте. Пол (MIX). В профиле добавлена аватарка. Двухфакторная авторизация включена. Cookies в комплекте. Зарегистрированы с Vietnam ip.",61.71,27,3
"Аккаунты FB | Количество подписчиков 100+ (друзья и подписчики). Подтверждены по почте, почты в комплекте нет. Пол (MIX). В профиле добавлена аватарка. Cookies в комплекте. Зарегистрированы с MIX ip.",74.82,8,3
"Аккаунты FB | Количество друзей 250+ (друзья и подписчики). Подтверждены по почте@outlook.com/hotmail.com, почта идет в комплекте. Пол (MIX). В профиле добавлена аватарка. Token, cookies в комплекте. Зарегистрированы с Vietnam ip.",77.14,226,3
"Аккаунты FB | Количество друзей 50+ (друзья и подписчики). Пол (Ж). Подтверждены по SMS(MIX). Подтверждены по почте@mail.ru, почта в комплекте. Профиль частично заполнен. Useragent, token, cookies в комплекте. Зарегистрированы с USA ip.",77.14,0,3
"Аккаунты FB | Количество друзей 50+ (друзья и подписчики). Пол (Ж). Имя на латинице. Подтверждены по SMS(MIX). Подтверждены по почте, почта в комплекте(может требовать подтверждение по смс). Профиль частично заполнен. Useragent, token, cookies в комплекте. Зарегистрированы с USA ip.",92.56,107,3
"Аккаунты FB | Количество друзей 50+ (друзья и подписчики). Пол (Ж). Имя на латинице. Подтверждены по SMS(MIX). Подтверждены по почте, почта в комплекте(может требовать подтверждение по смс). Профиль частично заполнен. Useragent, token, cookies в комплекте. Зарегистрированы с United Kingdom ip.",92.56,29,3
"Аккаунты FB | Количество друзей 500+ (друзья и подписчики). Подтверждены по почте@outlook.com/hotmail.com, почта идет в комплекте. Пол (MIX). В профиле добавлена аватарка. Cookies в комплекте. Зарегистрированы с Vietnam ip.",92.56,14,3
"Аккаунты FB | Количество друзей 50+ (друзья и подписчики). Пол (Ж). Имя на латинице. Подтверждены по SMS(MIX). Подтверждены по почте@gmx.com, почта в комплекте. Профиль частично заполнен. Useragent, token, cookies в комплекте. Зарегистрированы с USA ip.",92.56,0,3
"Аккаунты FB | Количество друзей 500+ (друзья и подписчики). Подтверждены по почте@outlook.com/hotmail.com, почта идет в комплекте. Пол (MIX). В профиле добавлена аватарка. Двухфакторная авторизация включена. Useragent и Cookies в комплекте. Зарегистрированы с Vietnam ip.",92.56,107,3
"Аккаунты FB | Количество друзей 100+ (друзья и подписчики). Пол (Ж). Подтверждены по SMS(MIX). Подтверждены по почте@mail.ru, почта в комплекте. Профиль частично заполнен. Useragent, token, cookies в комплекте. Зарегистрированы с USA ip.",154.27,438,3
"Аккаунты FB | Количество подписчиков 1000+. Подтверждены по почте, почты в комплекте нет. Пол (MIX). Профиль частично заполнен. Двухфакторная авторизация включена. Token в комплекте. Зарегистрированы с Ukraine ip.",154.27,0,3
"Аккаунты FB | Количество подписчиков 100+ (друзья и подписчики). Подтверждены по почте, почта в комплекте. Пол (Ж). Профиль частично заполнен. Зарегистрированы с Bangladesh ip.",169.70,7,3
"Аккаунты FB | Количество друзей 250+ (друзья и подписчики). Пол (Ж). Подтверждены по SMS(MIX). Подтверждены по почте@mail.ru, почта в комплекте. Профиль частично заполнен. Useragent, token, cookies в комплекте. Зарегистрированы с USA ip.",231.41,190,3
"Аккаунты FB | Количество друзей 50+ (друзья и подписчики). Подтверждены по SMS. Подтверждены по почте, почты в комплекте нет. Пол (Ж). Имя на латинице. Профиль заполнен полностью. Useragent, token и cookies в комплекте. Зарегистрированы с Ukraine ip",268.62,0,3
"Аккаунты FB | Количество друзей 50+ (друзья и подписчики). Подтверждены по SMS. Подтверждены по почте, почты в комплекте нет. Пол (Ж). Имя на латинице. Профиль заполнен полностью. Useragent, token и cookies в комплекте. Зарегистрированы с USA ip",246.84,0,3
"Аккаунты FB | Количество друзей 1000+ (друзья и подписчики). Подтверждены по почте@outlook.com/hotmail.com, почта идет в комплекте. Пол (MIX). В профиле добавлена аватарка. Двухфакторная авторизация включена. Зарегистрированы с Vietnam ip.",262.27,24,3
"Аккаунты FB | Количество друзей 100+ (друзья и подписчики). Подтверждены по SMS. Подтверждены по почте, почты в комплекте нет. Пол (Ж). Имя на латинице. Профиль заполнен полностью. Useragent, token и cookies в комплекте. Зарегистрированы с УКР ip",277.69,77,3
"Аккаунты FB | Количество друзей 500+ (друзья и подписчики). Пол (Ж). Подтверждены по SMS(MIX). Подтверждены по почте@mail.ru, почта в комплекте. Профиль частично заполнен. Useragent, token, cookies в комплекте. Зарегистрированы с USA ip.",308.55,0,3
"Аккаунты FB | Количество друзей 2000+ (друзья и подписчики). Подтверждены по почте@outlook.com/hotmail.com, почта идет в комплекте. Пол (MIX). В профиле добавлена аватарка. Двухфакторная авторизация включена. Зарегистрированы с Vietnam ip.",447.39,0,3
"Аккаунты FB | Количество друзей 2000+ (друзья и подписчики). Подтверждены по почте@outlook.com/hotmail.com, почта идет в комплекте. Пол (MIX). В профиле добавлена аватарка. Двухфакторная авторизация включена. Useragent и Cookies в комплекте. Зарегистрированы с Vietnam ip.",447.39,13,3
"Аккаунты FB | Количество подписчиков 5000+ (друзья и подписчики). Подтверждены по почте, почта в комплекте. Пол (MIX). В профиль аккаунтов добавлена аватарка. Двухфакторная авторизация включена. Зарегистрированы с Cambodia ip.",2314.11,4,3
"Аккаунты FB | Год регистрации - 2011. Подтверждены по почте@gmail.com, почта в комплекте. Аккаунты подтверждены по смс. Пол (MIX). В профиль аккаунтов добавлена аватарка. Зарегистрированы с USA ip.",0.01,0,3
"Аккаунты FB | Год регистрации - 2017. Подтверждены по почте@gmail.com, почта в комплекте. Аккаунты подтверждены по смс. Пол (MIX). Профиль частично заполнен. Зарегистрированы с USA ip.",0.01,0,3
"Аккаунты FB | Год регистрации 2023. Подтверждены по почте, почты в комплекте нет. Пол (MIX). Профиль частично заполнен. Cookies в комплекте. Зарегистрированы с Turkey ip.",46.28,1212,3
"Аккаунты FB | Дата регистрации - 12.2023. Подтверждены по почте, почта в комплекте. Пол (MIX). Профиль частично заполнен. Cookies в комплекте. Зарегистрированы с Poland ip.",50.60,2630,3
"Аккаунты FB | Дата регистрации 06.2023. Подтверждены по почте@outlook.com/@hotmail.com, почта требует подтверждения по смс. Пол (MIX). Профиль частично заполнен. Cookies в комплекте. Двухфакторная авторизация включена. Зарегистрированы с Turkey ip.",50.91,7796,3
"Аккаунты FB | Дата регистрации - 07.2023. Подтверждены по почте@outlook.com/@hotmail.com, почта требует подтверждения по смс. Пол (MIX). Профиль частично заполнен. Cookies в комплекте. Двухфакторная авторизация включена. Зарегистрированы с Turkey ip.",50.91,85629,3
"Аккаунты FB | Год регистрации - 2018. Подтверждены по почте@outlook.com/@hotmail.com, почта требует подтверждения по смс. Пол (MIX). Профиль частично заполнен. Двухфакторная авторизация включена. Зарегистрированы с Indonesia ip.",52.45,0,3
"Аккаунты FB | Дата регистрации - 05.2023. Подтверждены по почте@mail.ru, почта в комплекте. Пол (Ж). Профиль частично заполнен. Двухфакторная авторизация включена. Зарегистрированы с Bangladesh ip.",54.00,0,3
"Аккаунты FB | Дата регистрации - 06.2023. Подтверждены по почте@mail.ru, почта в комплекте. Пол (Ж). Профиль частично заполнен. Двухфакторная авторизация включена. Зарегистрированы с Bangladesh ip.",61.71,421,3
"Аккаунты FB | Год регистрации - 2022. Подтверждены по почте@outlook.com/@hotmail.com, почта требует подтверждения по смс. Пол (MIX). Профиль частично заполнен. Cookies, token в комплекте. Двухфакторная авторизация включена. Зарегистрированы с Vietnam ip.",69.42,0,3
"Аккаунты FB | Дата регистрации 09.2023. Подтверждены по почте, почты в комплекте нет. Пол (MIX). В профиль аккаунтов добавлена аватарка. Двухфакторная авторизация включена. Зарегистрированы с USA ip",74.05,0,3
"Аккаунты FB | Год регистрации - 2022. Подтверждены по почте@mail.ru, почта в комплекте. Пол (Ж). Профиль частично заполнен. Двухфакторная авторизация включена. Зарегистрированы с Bangladesh ip.",84.85,116,3
"Аккаунты FB | Год регистрации - 2020. Подтверждены по почте@rambler.ru, почта в комплекте. Пол (MIX). Имя на латинице. Профиль частично заполнен. Cookies в комплекте. Зарегистрированы с УКР ip.",92.56,1556,3
"Аккаунты FB | Год регистрации - 2020. Подтверждены по почте@rambler.ru, почта в комплекте. Пол (MIX). Имя на латинице. Профиль частично заполнен. Cookies в комплекте. Зарегистрированы с MIX ip.",92.56,1532,3
"Аккаунты FB | Год регистрации - 2023. Подтверждены по почте, почта в комплекте. Пол (Ж). В профиль аккаунтов добавлена аватарка. Двухфакторная авторизация включена. Зарегистрированы с USA ip.",100.28,1269,3
"Аккаунты FB | Год регистрации - 2019. Подтверждены по почте@outlook.com/hotmail.com, почта в комплекте. Пол (MIX). Профиль частично заполнен. Двухфакторная авторизация включена. Зарегистрированы с India ip.",100.28,0,3
"Аккаунты FB | Дата регистрации - 07.2023. Подтверждены по почте, почты в комплекте нет. Пол (MIX). В профиль аккаунтов добавлена аватарка. Двухфакторная авторизация включена. Зарегистрированы с USA ip.",101.82,245,3
"Аккаунты FB | Дата регистрации 07.2023. Подтверждены по почте, почты в комплекте нет. Пол (MIX). В профиль аккаунтов добавлена аватарка. Двухфакторная авторизация включена. Зарегистрированы с USA ip",101.82,0,3
"Аккаунты FB | Год регистрации - 2022. Подтверждены по почте@outlook.com/@hotmail.com, почта требует подтверждения по смс. Пол (MIX). Профиль не заполнен. Двухфакторная авторизация включена. Зарегистрированы с Indonesia ip.",107.99,0,3
"Аккаунты FB | Год регистрации - 2016. Подтверждены по почте, почта в комплекте. Пол (MIX). Имя на латинице. Зарегистрированы с RU ip.",123.42,101,3
"Аккаунты FB | Год регистрации - 2017. Подтверждены по почте, почта в комплекте. Пол (MIX). Имя на латинице. Профиль не заполнен. Зарегистрированы с USA ip.",141.93,0,3
"Аккаунты FB | Год регистрации - 2015. Подтверждены по почте@outlook.com/@hotmail.com, почта требует подтверждения по смс. Пол (MIX). Профиль частично заполнен. Двухфакторная авторизация включена. Зарегистрированы с Indonesia ip.",215.98,84,3
"Аккаунты FB | Год регистрации - 2018. Подтверждены по почте@outlook.com/@hotmail.com, почта требует подтверждения по смс. Пол (MIX). Профиль частично заполнен. Двухфакторная авторизация включена. Зарегистрированы с Malaysia ip.",277.69,35,3
"Аккаунты FB | Год регистрации - 2015. Подтверждены по почте@mail.ru, почта в комплекте. Пол (Ж). Профиль частично заполнен. Двухфакторная авторизация включена. Зарегистрированы с Bangladesh ip.",285.41,40,3
"Аккаунты FB | Год регистрации - 2015. Подтверждены по почте@mail.ru, почта в комплекте. Пол (Ж). Профиль частично заполнен. Cookies в комплекте. Зарегистрированы с Bangladesh ip.",293.12,0,3
"Аккаунты FB | Год регистрации - 2012. Подтверждены по почте@outlook.com/hotmail.com, почта в комплекте. Пол (MIX). Профиль частично заполнен. Двухфакторная авторизация включена. Зарегистрированы с USA ip.",308.55,0,3
"Аккаунты FB | Год регистрации - 2018. Подтверждены по почте, почта в комплекте. Пол (MIX). Имя на кириллице. Профиль частично заполнен. Зарегистрированы с RU ip.",354.83,339,3
"Аккаунты FB | Год регистрации - 2009. Подтверждены по почте@outlook.com/@hotmail.com, почта требует подтверждения по смс. Пол (MIX). Профиль частично заполнен. Cookies в комплекте. Двухфакторная авторизация включена. Зарегистрированы с MIX ip.",411.32,0,3
"Аккаунты FB | Год регистрации - 2010. Подтверждены по почте@mail.com, почта в комплекте. Пол (MIX). Профиль частично заполнен. Зарегистрированы с MIX ip",385.68,0,3
"Аккаунты FB | Год регистрации - 2018. Подтверждены по почте, почта в комплекте. Пол (MIX). Имя на латинице. Профиль частично заполнен. Зарегистрированы с УКР ip.",539.96,19,3
"Аккаунты FB | Год регистрации - 2016. Подтверждены по почте, почта идет в комплекте. Пол (MIX). Имя на латинице. Профиль частично заполнен. Зарегистрированы с УКР ip.",617.10,55,3
"Аккаунты FB | Год регистрации - 2011. Подтверждены по почте@outlook.com/@hotmail.com, почта требует подтверждения по смс. Пол (MIX). Профиль не заполнен. Двухфакторная авторизация включена. Зарегистрированы с USA ip.",617.10,0,3
"Аккаунты FB | Год регистрации - 2017. Подтверждены по почте, почта идет в комплекте. Пол (MIX). Имя на латинице. Профиль частично заполнен. Зарегистрированы с УКР ip.",617.10,84,3
"Аккаунты FB | Год регистрации - 2018. Подтверждены по почте, почта в комплекте. Пол (MIX). Имя на кириллице. Профиль частично заполнен. Зарегистрированы с Serbia ip",617.10,0,3
"Аккаунты FB | Год регистрации - 2018. Подтверждены по почте, почта идет в комплекте. Пол (MIX). Имя на латинице. Профиль частично заполнен. Зарегистрированы с УКР ip.",617.10,75,3
"Аккаунты FB | Год регистрации - 2012. Подтверждены по почте@outlook.com/hotmail.com, почта в комплекте. Пол (MIX). В профиль аккаунтов добавлена аватарка. Зарегистрированы с USA ip.",771.37,0,3
"Аккаунты FB | Год регистрации - 2016. Подтверждены по почте, почта идет в комплекте. Пол (MIX). Имя на латинице. Профиль частично заполнен. Зарегистрированы с USA ip.",771.37,49,3
"Аккаунты FB | Год регистрации - 2017. Подтверждены по почте, почта идет в комплекте. Пол (MIX). Имя на латинице. Профиль частично заполнен. Зарегистрированы с USA ip.",771.37,89,3
"Аккаунты FB | Год регистрации - 2018. Подтверждены по почте, почта идет в комплекте. Пол (MIX). Имя на латинице. Профиль частично заполнен. Зарегистрированы с USA ip.",771.37,8,3
"Аккаунты FB | Год регистрации - 2018. Подтверждены по почте@outlook.com/@hotmail.com, почта требует подтверждения по смс. Пол (MIX). Профиль не заполнен. Двухфакторная авторизация включена. Зарегистрированы с Malaysia ip.",771.37,0,3
"Аккаунты FB | Год регистрации - 2022. Подтверждены по почте@outlook.com/@hotmail.com, почта требует подтверждения по смс. Пол (MIX). Профиль не заполнен. Двухфакторная авторизация включена. Зарегистрированы с Malaysia ip.",771.37,4,3
"Аккаунты FB | Год регистрации - 2015. Подтверждены по почте@outlook.com/@hotmail.com, почта требует подтверждения по смс. Пол (MIX). Профиль не заполнен. Двухфакторная авторизация включена. Зарегистрированы с USA ip.",771.37,0,3
"Аккаунты FB | Год регистрации - 2017. Подтверждены по почте@outlook.com/@hotmail.com, почта требует подтверждения по смс. Пол (MIX). Профиль не заполнен. Двухфакторная авторизация включена. Зарегистрированы с Malaysia ip.",771.37,3,3
"Аккаунты FB | Год регистрации - 2019. Подтверждены по почте@outlook.com/@hotmail.com, почта требует подтверждения по смс. Пол (MIX). Профиль не заполнен. Двухфакторная авторизация включена. Зарегистрированы с Malaysia ip.",771.37,2,3
"Аккаунты FB | Год регистрации - 2022. Подтверждены по SMS(+1). Подтверждены по почте, почта в комплекте. Пол (MIX). Профиль частично заполнен. Зарегистрированы с USA ip.",925.64,43,3
"Аккаунты FB | Дата регистрации - 06.2022. Подтверждены по SMS(+1). Подтверждены по почте, почта в комплекте. Пол (MIX). Профиль частично заполнен. Зарегистрированы с USA ip.",1002.78,30,3
"Аккаунты FB | Год регистрации - 2021. Подтверждены по почте@outlook.com/@hotmail.com, почта требует подтверждения по смс. Пол (MIX). Профиль не заполнен. Двухфакторная авторизация включена. Зарегистрированы с Malaysia ip.",1157.05,2,3
"Аккаунты FB | Год регистрации - 2020. Подтверждены по почте@outlook.com/@hotmail.com, почта требует подтверждения по смс. Пол (MIX). Профиль не заполнен. Двухфакторная авторизация включена. Зарегистрированы с Malaysia ip.",1234.19,2,3
"Аккаунты FB | Год регистрации - 2010. Подтверждены по почте@outlook.com/@hotmail.com, почта требует подтверждения по смс. Пол (MIX). Профиль не заполнен. Двухфакторная авторизация включена. Зарегистрированы с USA ip.",1234.19,0,3
"Аккаунты FB | Год регистрации - 2009. Подтверждены по почте@outlook.com/@hotmail.com, почта требует подтверждения по смс. Пол (MIX). Профиль не заполнен. Двухфакторная авторизация включена. Зарегистрированы с USA ip.",1388.46,0,3
"Аккаунты FB | Год регистрации - 2020. Подтверждены по почте@outlook.com/@hotmail.com, почта требует подтверждения по смс. Пол (MIX). Профиль не заполнен. Двухфакторная авторизация включена. Зарегистрированы с USA ip.",2314.11,1,3
"Аккаунты FB | Год регистрации - 2015. Количество подписчиков 4500+ (друзья и подписчики). Подтверждены по почте@gmail.com, почта в комплекте. Аккаунты подтверждены по смс. Пол (MIX). В профиль аккаунтов добавлена аватарка. Зарегистрированы с USA ip.",0.01,0,3
Аккаунты FB | Год регистрации -2018. Количество друзей 50+(друзья и подписчики). Почта@mail.ru в комплекте. Пол (MIX). В профиль аккаунтов добавлена аватарка. Зарегистрированы с Bangladesh ip.,0.01,0,3
Аккаунты FB | Дата регистрации - 08.2023. Количество друзей 100+(друзья и подписчики). Почта@mail.ru в комплекте. Пол (Ж). Профиль частично заполнен. Включена двухфакторная верификация с помощью секретного кода (коды в комплекте). Зарегистрированы с Bangladesh ip.,107.99,145,3
"Аккаунты FB | Год регистрации - 2017. Количество друзей 100+(друзья и подписчики). Подтверждены по почте@outlook.com/@hotmail.com, почта требует подтверждения по смс. Пол (MIX). Включена двухфакторная верификация с помощью секретного кода (коды в комплекте). Добавлена аватарка. Зарегистрированы с Indonesia ip",152.73,0,3
"Аккаунты FB | Год регистрации - 2020. Количество друзей 100+(друзья и подписчики). Подтверждены по почте@outlook.com/@hotmail.com, почта требует подтверждения по смс. Пол (MIX). Включена двухфакторная верификация с помощью секретного кода (коды в комплекте). Добавлена аватарка. Зарегистрированы с Indonesia ip",154.27,301,3
"Аккаунты FB | Год регистрации - 2016. Количество друзей 100+(друзья и подписчики). Подтверждены по почте@outlook.com/@hotmail.com, почта требует подтверждения по смс. Пол (MIX). Включена двухфакторная верификация с помощью секретного кода (коды в комплекте). Добавлена аватарка. Зарегистрированы с Indonesia ip",154.27,0,3
"Аккаунты FB | Год регистрации - 2019. Количество друзей 100+(друзья и подписчики). Подтверждены по почте@outlook.com/@hotmail.com, почта требует подтверждения по смс. Пол (MIX). Включена двухфакторная верификация с помощью секретного кода (коды в комплекте). Добавлена аватарка. Зарегистрированы с Indonesia ip",155.82,704,3
"Аккаунты FB | Год регистрации - 2018. Количество друзей 100+(друзья и подписчики). Подтверждены по почте@outlook.com/@hotmail.com, почта требует подтверждения по смс. Пол (MIX). Включена двухфакторная верификация с помощью секретного кода (коды в комплекте). Добавлена аватарка. Зарегистрированы с Indonesia ip",157.36,25,3
"Аккаунты FB | Год регистрации - 2015. Количество друзей 100+(друзья и подписчики). Подтверждены по почте@outlook.com/@hotmail.com, почта требует подтверждения по смс. Пол (MIX). Включена двухфакторная верификация с помощью секретного кода (коды в комплекте). Добавлена аватарка. Зарегистрированы с Indonesia ip",158.90,0,3
Аккаунты FB | Год регистрации -2021. Количество друзей 500+(друзья и подписчики). Почта@mail.ru в комплекте. Пол (Ж). Профиль частично заполнен. Включена двухфакторная верификация с помощью секретного кода (коды в комплекте). Зарегистрированы с Bangladesh ip.,161.99,83,3
Аккаунты FB | Год регистрации -2017. Количество друзей 100+(друзья и подписчики). Почта@mail.ru в комплекте. Пол (Ж). Профиль частично заполнен. Включена двухфакторная верификация с помощью секретного кода (коды в комплекте). Зарегистрированы с Bangladesh ip.,215.98,142,3
"Аккаунты FB | Год регистрации - 2022. Количество друзей 100+(друзья и подписчики). Подтверждены по почте@outlook.com/@hotmail.com, почта требует подтверждения по смс. Пол (MIX). Включена двухфакторная верификация с помощью секретного кода (коды в комплекте). Профиль не заполнен. Cookies в комплекте. Зарегистрированы с MIX ip",339.40,0,3
"Аккаунты FB | Год регистрации - 2009. Количество друзей 3000+(друзья и подписчики). Подтверждены по почте@outlook.com/@hotmail.com, почта требует подтверждения по смс. Пол (MIX). Включена двухфакторная верификация с помощью секретного кода (коды в комплекте). Cookies в комплекте. Зарегистрированы с MIX ip.",439.68,0,3
"Аккаунты FB | Год регистрации - 2023. Количество подписчиков 1000+ (друзья и подписчики). Подтверждены по почте, почты в комплекте нет. Пол (Ж). В профиль аккаунтов добавлена аватарка. Зарегистрированы с USA ip.",771.37,23,3
"Аккаунты FB | Год регистрации - 2012. Количество друзей 100+(друзья и подписчики). Подтверждены по почте@outlook.com/@hotmail.com, почта требует подтверждения по смс. Пол (MIX). Включена двухфакторная верификация с помощью секретного кода (коды в комплекте). Профиль частично заполнен. Зарегистрированы с USA ip",925.64,11,3
"Аккаунты FB | Год регистрации - 2018. Количество друзей 100+(друзья и подписчики). Подтверждены по почте@outlook.com/@hotmail.com, почта требует подтверждения по смс. Пол (MIX). Включена двухфакторная верификация с помощью секретного кода (коды в комплекте). Профиль частично заполнен. Зарегистрированы с USA ip",1157.05,11,3
"Аккаунты FB | Год регистрации - 2017. Количество друзей 100+(друзья и подписчики). Подтверждены по почте@outlook.com/@hotmail.com, почта требует подтверждения по смс. Пол (MIX). Включена двухфакторная верификация с помощью секретного кода (коды в комплекте). Профиль частично заполнен. Зарегистрированы с USA ip",1234.19,16,3
"Аккаунты FB | Год регистрации - 2023. Количество подписчиков 4000+ (друзья и подписчики). Подтверждены по почте, почты в комплекте нет. Пол (Ж). В профиль аккаунтов добавлена аватарка. Зарегистрированы с USA ip.",1311.33,21,3
"Аккаунты FB | Год регистрации - 2016. Количество друзей 100+(друзья и подписчики). Подтверждены по почте@outlook.com/@hotmail.com, почта требует подтверждения по смс. Пол (MIX). Включена двухфакторная верификация с помощью секретного кода (коды в комплекте). Профиль частично заполнен. Зарегистрированы с USA ip",1311.33,23,3
"Аккаунты FB | Год регистрации - 2021. Количество друзей 4000+(друзья и подписчики). Подтверждены по почте@outlook.com/@hotmail.com, почта требует подтверждения по смс. Пол (MIX). Включена двухфакторная верификация с помощью секретного кода (коды в комплекте). Профиль не заполнен. Зарегистрированы с Indonesia ip",1388.46,0,3
"Аккаунты FB | Год регистрации - 2020. Количество друзей 4000+(друзья и подписчики). Подтверждены по почте@outlook.com/@hotmail.com, почта требует подтверждения по смс. Пол (MIX). Включена двухфакторная верификация с помощью секретного кода (коды в комплекте). Профиль не заполнен. Зарегистрированы с Indonesia ip",1388.46,0,3
"Аккаунты FB | Год регистрации - 2015. Количество друзей 100+(друзья и подписчики). Подтверждены по почте@outlook.com/@hotmail.com, почта требует подтверждения по смс. Пол (MIX). Включена двухфакторная верификация с помощью секретного кода (коды в комплекте). Профиль частично заполнен. Зарегистрированы с USA ip",1434.75,5,3
"Аккаунты FB | Год регистрации - 2014. Количество друзей 100+(друзья и подписчики). Подтверждены по почте@outlook.com/@hotmail.com, почта требует подтверждения по смс. Пол (MIX). Включена двухфакторная верификация с помощью секретного кода (коды в комплекте). Профиль частично заполнен. Зарегистрированы с USA ip",1450.17,4,3
"Аккаунты FB | Год регистрации - 2013. Количество друзей 100+(друзья и подписчики). Подтверждены по почте@outlook.com/@hotmail.com, почта требует подтверждения по смс. Пол (MIX). Включена двухфакторная верификация с помощью секретного кода (коды в комплекте). Профиль частично заполнен. Зарегистрированы с USA ip",1465.60,6,3
"Аккаунты FB | Год регистрации - 2011. Количество друзей 100+(друзья и подписчики). Подтверждены по почте@outlook.com/@hotmail.com, почта требует подтверждения по смс. Пол (MIX). Включена двухфакторная верификация с помощью секретного кода (коды в комплекте). Профиль частично заполнен. Зарегистрированы с USA ip",1928.42,0,3
"Аккаунты FB | Год регистрации - 2010. Количество друзей 100+(друзья и подписчики). Подтверждены по почте@outlook.com/@hotmail.com, почта требует подтверждения по смс. Пол (MIX). Включена двухфакторная верификация с помощью секретного кода (коды в комплекте). Профиль частично заполнен. Зарегистрированы с USA ip",2236.97,3,3
"Аккаунты FB | Год регистрации - 2009. Количество друзей 100+(друзья и подписчики). Подтверждены по почте@outlook.com/@hotmail.com, почта требует подтверждения по смс. Пол (MIX). Включена двухфакторная верификация с помощью секретного кода (коды в комплекте). Профиль частично заполнен. Зарегистрированы с USA ip",2545.52,5,3
"Аккаунты FB | Год регистрации - 2014. Количество друзей 500+(друзья и подписчики). Подтверждены по почте@outlook.com/@hotmail.com, почта требует подтверждения по смс. Пол (Ж). Включена двухфакторная верификация с помощью секретного кода (коды в комплекте). Добавлена аватарка. Зарегистрированы с USA ip",3085.48,0,3
"Аккаунты FB | Год регистрации - 2017. Количество друзей 500+(друзья и подписчики). Подтверждены по почте@outlook.com/@hotmail.com, почта требует подтверждения по смс. Пол (Ж). Включена двухфакторная верификация с помощью секретного кода (коды в комплекте). Добавлена аватарка. Зарегистрированы с USA ip",3085.48,0,3
"Аккаунты FB | Год регистрации - 2020. Количество друзей 500+(друзья и подписчики). Подтверждены по почте@outlook.com/@hotmail.com, почта требует подтверждения по смс. Пол (MIX). Включена двухфакторная верификация с помощью секретного кода (коды в комплекте). Добавлена аватарка. Зарегистрированы с USA ip",3394.02,4,3
"Аккаунты FB | Год регистрации - 2019. Количество друзей 500+(друзья и подписчики). Подтверждены по почте@outlook.com/@hotmail.com, почта требует подтверждения по смс. Пол (MIX). Включена двухфакторная верификация с помощью секретного кода (коды в комплекте). Добавлена аватарка. Зарегистрированы с USA ip",3548.30,5,3
"Аккаунты FB | Год регистрации - 2018. Количество друзей 500+(друзья и подписчики). Подтверждены по почте@outlook.com/@hotmail.com, почта требует подтверждения по смс. Пол (MIX). Включена двухфакторная верификация с помощью секретного кода (коды в комплекте). Добавлена аватарка. Зарегистрированы с USA ip",3702.57,4,3
"Аккаунты FB | Год регистрации - 2017. Количество друзей 500+(друзья и подписчики). Подтверждены по почте@outlook.com/@hotmail.com, почта требует подтверждения по смс. Пол (MIX). Включена двухфакторная верификация с помощью секретного кода (коды в комплекте). Добавлена аватарка. Зарегистрированы с USA ip",3856.85,6,3
"Аккаунты FB | Год регистрации - 2016. Количество друзей 500+(друзья и подписчики). Подтверждены по почте@outlook.com/@hotmail.com, почта требует подтверждения по смс. Пол (MIX). Включена двухфакторная верификация с помощью секретного кода (коды в комплекте). Добавлена аватарка. Зарегистрированы с USA ip",4011.12,3,3
"Аккаунты FB | Год регистрации - 2009. Количество друзей 1500+(друзья и подписчики). Подтверждены по почте@outlook.com/@hotmail.com, почта требует подтверждения по смс. Пол (MIX). Включена двухфакторная верификация с помощью секретного кода (коды в комплекте). Добавлена аватарка. Зарегистрированы с Venezuela ip",6170.95,1,3
"Аккаунты FB | Год регистрации - 2010. Количество друзей 4500+(друзья и подписчики). Подтверждены по почте@outlook.com/@hotmail.com, почта требует подтверждения по смс. Пол (MIX). Включена двухфакторная верификация с помощью секретного кода (коды в комплекте). Добавлена аватарка. Зарегистрированы с Venezuela ip",6170.95,1,3
"Аккаунты FB | Год регистрации - 2008. Количество друзей 3500+(друзья и подписчики). Подтверждены по почте@outlook.com/@hotmail.com, почта требует подтверждения по смс. Пол (MIX). Включена двухфакторная верификация с помощью секретного кода (коды в комплекте). Добавлена аватарка. Зарегистрированы с Venezuela ip",7713.69,1,3
"Аккаунты FB | Год регистрации - 2021. Количество друзей 4500+(друзья и подписчики). Подтверждены по почте@outlook.com/@hotmail.com, почта требует подтверждения по смс. Пол (Ж). Включена двухфакторная верификация с помощью секретного кода (коды в комплекте). Добавлена аватарка. Зарегистрированы с USA ip",8485.06,0,3
"Аккаунты FB | Год регистрации - 2018. Количество друзей 4000+(друзья и подписчики). Подтверждены по почте@outlook.com/@hotmail.com, почта требует подтверждения по смс. Пол (Ж). Включена двухфакторная верификация с помощью секретного кода (коды в комплекте). Добавлена аватарка. Зарегистрированы с USA ip",9256.43,0,3
"Аккаунты FB | Год регистрации - 2009. Количество друзей 4000+(друзья и подписчики). Подтверждены по почте@outlook.com/@hotmail.com, почта требует подтверждения по смс. Пол (MIX). Включена двухфакторная верификация с помощью секретного кода (коды в комплекте). Добавлена аватарка. Зарегистрированы с Venezuela ip",10799.17,1,3
"Аккаунты FB | Дата регистрации - 05.2022. Подходит для рекламы. Запрет рекламной деятельности пройден. Аккаунты подтверждены по смс. Пол (MIX). В профиль аккаунтов добавлена аватарка. Создан фанпейдж. Token, cookies, Useragent в комплекте. Зарегистрированы с УКР ip.",0.01,0,3
"Аккаунты FB | Активирован маркетплейс, подходит для рекламы. Подтверждены по почте, почты в комплекте нет. Пол (MIX). Профиль частично заполнен. Зарегистрированы с Turkey ip",15.43,0,3
"Аккаунты FB | Активирован Business Manager, подходит для рекламы. Подтверждены по почте, почта в комплекте. Пол (Ж). Имя на кириллице. Профиль заполнен полностью. Создан фанпейдж. Cookies, token, useragent в комплекте. Двухфакторная авторизация включена. Зарегистрированы с УКР ip.",431.97,38,3
"Аккаунты FB | Активирован Business Manager, подходит для рекламы. Подтверждены по почте, почта в комплекте. Пол (MIX). Профиль заполнен полностью. Создан фанпейдж. Cookies в комплекте. Двухфакторная авторизация включена. Зарегистрированы с USA ip.",462.82,49,3
"Аккаунты FB | Активировано 2 Business Managers, подходит для рекламы. Подтверждены по почте, почта в комплекте. Пол (MIX). Профиль заполнен полностью. Создан фанпейдж. Cookies в комплекте. Двухфакторная авторизация включена. Зарегистрированы с USA ip.",771.37,112,3
"Аккаунты FB | Активировано 2 Business Managers, подходит для рекламы. Подтверждены по почте, почта в комплекте. Пол (MIX). Профиль заполнен полностью. Создан фанпейдж. Cookies в комплекте. Двухфакторная авторизация включена. Зарегистрированы с Ukraine ip.",771.37,26,3
"Аккаунты FB | Активирован Business Manager, подходит для рекламы. Подтверждены по почте, почта в комплекте. Пол (MIX). Профиль заполнен полностью. Создан фанпейдж. Cookies в комплекте. Двухфакторная авторизация включена. Зарегистрированы с УКР ip.",771.37,34,3
"Аккаунты FB | Год регистрации - 2022. Активирован Business Manager, подходит для рекламы. Подтверждены по почте, почты в комплекте нет. Пол (MIX). Имя на латинице. В профиль аккаунтов добавлена аватарка. Создан фанпейдж. Useragent и сookies в комплекте. Двухфакторная авторизация включена. Зарегистрированы с USA ip",3085.48,11,3
"Аккаунты FB | Год регистрации - 2007-2014. Активирован маркетплейс, подходит для рекламы. В комплекте почта@mail.ru. Пол (MIX). Двухфакторная авторизация включена. Зарегистрированы с Mexico ip.",3856.85,2,3
"Аккаунты FB | Год регистрации - 2007-2014. Активирован маркетплейс, подходит для рекламы. В комплекте почта@mail.ru. Пол (MIX). Двухфакторная авторизация включена. Зарегистрированы с Argentina ip.",3856.85,7,3
"Аккаунты FB | Год регистрации - 2007-2014. Активирован маркетплейс, подходит для рекламы. В комплекте почта@mail.ru. Пол (MIX). Двухфакторная авторизация включена. Зарегистрированы с Australia ip.",3856.85,5,3
"Аккаунты FB | Год регистрации - 2007-2014. Активирован маркетплейс, подходит для рекламы. В комплекте почта@mail.ru. Пол (MIX). Двухфакторная авторизация включена. Зарегистрированы с Singapore ip.",3856.85,4,3
"Аккаунты FB | Год регистрации - 2007-2014. Активирован маркетплейс, подходит для рекламы. В комплекте почта@mail.ru. Пол (MIX). Двухфакторная авторизация включена. Зарегистрированы с USA ip.",3856.85,13,3
"Аккаунты FB | Год регистрации - 2007-2014. Активирован маркетплейс, подходит для рекламы. В комплекте почта@mail.ru. Пол (MIX). Двухфакторная авторизация включена. Зарегистрированы с Taiwan ip.",3856.85,6,3
"Аккаунты FB | Год регистрации - 2007-2014. Активирован маркетплейс, подходит для рекламы. В комплекте почта@mail.ru. Пол (MIX). Двухфакторная авторизация включена. Зарегистрированы с United Kingdom ip.",3856.85,7,3
"Аккаунты FB | Год регистрации - 2007-2014. Активирован маркетплейс, подходит для рекламы. В комплекте почта@mail.ru. Пол (MIX). Двухфакторная авторизация включена. Зарегистрированы с Morocco ip.",3856.85,8,3
"Аккаунты FB | Год регистрации - 2007-2014. Активирован маркетплейс, подходит для рекламы. В комплекте почта@mail.ru. Пол (MIX). Двухфакторная авторизация включена. Зарегистрированы с Poland ip.",3856.85,0,3
"Аккаунты FB | Год регистрации - 2007-2014. Активирован маркетплейс, подходит для рекламы. В комплекте почта@mail.ru. Пол (MIX). Двухфакторная авторизация включена. Зарегистрированы с France ip.",3856.85,4,3
"Аккаунты FB | Год регистрации - 2007-2014. Активирован маркетплейс, подходит для рекламы. В комплекте почта@mail.ru. Пол (MIX). Двухфакторная авторизация включена. Зарегистрированы с Canada ip.",3856.85,7,3
"Аккаунты FB | Год регистрации - 2007-2014. Активирован маркетплейс, подходит для рекламы. В комплекте почта@mail.ru. Пол (MIX). Двухфакторная авторизация включена. Зарегистрированы с Puerto Rico ip.",3856.85,11,3
"Аккаунты FB | Год регистрации - 2007-2014. Активирован маркетплейс, подходит для рекламы. В комплекте почта@mail.ru. Пол (MIX). Двухфакторная авторизация включена. Зарегистрированы с Spain ip.",3856.85,2,3
"Аккаунты FB | Год регистрации - 2007-2014. Активирован маркетплейс, подходит для рекламы. В комплекте почта@mail.ru. Пол (MIX). Двухфакторная авторизация включена. Зарегистрированы с Malaysia ip.",3856.85,5,3
"Аккаунты FB | Год регистрации - 2007-2014. Активирован маркетплейс, подходит для рекламы. В комплекте почта@mail.ru. Пол (MIX). Двухфакторная авторизация включена. Зарегистрированы с South Korea ip.",3856.85,3,3
"Аккаунты FB | Год регистрации - 2007-2014. Активирован маркетплейс, подходит для рекламы. В комплекте почта@mail.ru. Пол (MIX). Двухфакторная авторизация включена. Зарегистрированы с Indonesia ip.",3856.85,5,3
"Аккаунты FB | Год регистрации - 2007-2014. Активирован маркетплейс, подходит для рекламы. В комплекте почта@mail.ru. Пол (MIX). Двухфакторная авторизация включена. Зарегистрированы с Sweden ip.",3856.85,6,3
"Аккаунты FB | Год регистрации - 2007-2014. Активирован маркетплейс, подходит для рекламы. В комплекте почта@mail.ru. Пол (MIX). Двухфакторная авторизация включена. Зарегистрированы с India ip.",3856.85,6,3
"Аккаунты FB | Год регистрации - 2007-2014. Активирован маркетплейс, подходит для рекламы. В комплекте почта@mail.ru. Пол (MIX). Двухфакторная авторизация включена. Зарегистрированы с Romania ip.",3856.85,6,3
"Аккаунты FB | Год регистрации - 2007-2014. Активирован маркетплейс, подходит для рекламы. В комплекте почта@mail.ru. Пол (MIX). Двухфакторная авторизация включена. Зарегистрированы с Brazil ip.",3856.85,7,3
"Аккаунты FB | Год регистрации - 2007-2014. Активирован маркетплейс, подходит для рекламы. В комплекте почта@mail.ru. Пол (MIX). Двухфакторная авторизация включена. Зарегистрированы с Ukraine ip.",3856.85,12,3
"Аккаунты FB | Год регистрации - 2007-2014. Активирован маркетплейс, подходит для рекламы. В комплекте почта@mail.ru. Пол (MIX). Двухфакторная авторизация включена. Зарегистрированы с Philippines ip.",3856.85,1,3
"Аккаунты FB | Год регистрации - 2007-2014. Активирован маркетплейс, подходит для рекламы. В комплекте почта@mail.ru. Пол (MIX). Двухфакторная авторизация включена. Зарегистрированы с Japan ip.",3856.85,13,3
"Аккаунты FB | Год регистрации - 2007-2014. Активирован маркетплейс, подходит для рекламы. В комплекте почта@mail.ru. Пол (MIX). Двухфакторная авторизация включена. Зарегистрированы с Hungary ip.",3856.85,3,3
"Аккаунты FB | Активирован Business Managers, подходит для рекламы. Дата регистрации 2022. Количество подписчиков 1000+. Подтверждены по SMS(+1). Подтверждены по почте, почта в комплекте. В профиль аккаунтов добавлена аватарка. Создан фанпейдж. Cookies в комплекте. Зарегистрированы с USA ip.",4628.21,0,3
"Аккаунты FB | Активировано 2 Business Managers, подходит для рекламы. Дата регистрации 2022. Подтверждены по SMS(+1). Подтверждены по почте, почта в комплекте. В профиль аккаунтов добавлена аватарка. Создан фанпейдж. Двухфакторная авторизация включена. Cookies в комплекте. Зарегистрированы с USA ip.",4628.21,1,3
"Аккаунты FB | Активировано 2 Business Managers, подходит для рекламы. Подтверждены по почте, почта@outlook.com/hotmail.com идет в комплекте. Пол (MIX). Профиль частично заполнен. Имя на латинице. Зарегистрированы с USA ip.",6170.95,0,3
"Аккаунты FB | Год регистрации - 2007-2014. Активировано 2 Business Manager-а (отлежка БМ 24 месяцев). Ежедневный лимит рекламной кампании 250$. Активирован маркетплейс, подходит для рекламы. В комплекте почта@mail.ru. Пол (MIX). Двухфакторная авторизация включена. Зарегистрированы с Ukraine ip.",7713.69,2,3
"Аккаунты FB | Год регистрации - 2007-2014. Активировано 2 Business Manager-а (отлежка БМ 24 месяцев). Ежедневный лимит рекламной кампании 250$. Активирован маркетплейс, подходит для рекламы. В комплекте почта@mail.ru. Пол (MIX). Двухфакторная авторизация включена. Зарегистрированы с Denmark ip.",7713.69,1,3
"Аккаунты FB | Год регистрации - 2007-2014. Активировано 2 Business Manager-а (отлежка БМ 24 месяцев). Ежедневный лимит рекламной кампании 250$. Активирован маркетплейс, подходит для рекламы. В комплекте почта@mail.ru. Пол (MIX). Двухфакторная авторизация включена. Зарегистрированы с Taiwan ip.",7713.69,2,3
"Аккаунты FB | Год регистрации - 2007-2014. Активировано 2 Business Manager-а (отлежка БМ 24 месяцев). Ежедневный лимит рекламной кампании 250$. Активирован маркетплейс, подходит для рекламы. В комплекте почта@mail.ru. Пол (MIX). Двухфакторная авторизация включена. Зарегистрированы с Croatia ip.",7713.69,2,3
"Аккаунты FB | Год регистрации - 2007-2014. Активировано 2 Business Manager-а (отлежка БМ 24 месяцев). Ежедневный лимит рекламной кампании 250$. Активирован маркетплейс, подходит для рекламы. В комплекте почта@mail.ru. Пол (MIX). Двухфакторная авторизация включена. Зарегистрированы с United Kingdom ip.",7713.69,7,3
"Аккаунты FB | Год регистрации - 2007-2014. Активировано 2 Business Manager-а (отлежка БМ 24 месяцев). Ежедневный лимит рекламной кампании 250$. Активирован маркетплейс, подходит для рекламы. В комплекте почта@mail.ru. Пол (MIX). Двухфакторная авторизация включена. Зарегистрированы с Chile ip.",7713.69,2,3
"Аккаунты FB | Год регистрации - 2007-2014. Активировано 2 Business Manager-а (отлежка БМ 24 месяцев). Ежедневный лимит рекламной кампании 250$. Активирован маркетплейс, подходит для рекламы. В комплекте почта@mail.ru. Пол (MIX). Двухфакторная авторизация включена. Зарегистрированы с China ip.",7713.69,2,3
"Аккаунты FB | Год регистрации - 2007-2014. Активировано 2 Business Manager-а (отлежка БМ 24 месяцев). Ежедневный лимит рекламной кампании 250$. Активирован маркетплейс, подходит для рекламы. В комплекте почта@mail.ru. Пол (MIX). Двухфакторная авторизация включена. Зарегистрированы с Germany ip.",7713.69,2,3
"Аккаунты FB | Год регистрации - 2007-2014. Активировано 2 Business Manager-а (отлежка БМ 24 месяцев). Ежедневный лимит рекламной кампании 250$. Активирован маркетплейс, подходит для рекламы. В комплекте почта@mail.ru. Пол (MIX). Двухфакторная авторизация включена. Зарегистрированы с Australia ip.",7713.69,2,3
"Аккаунты FB | Год регистрации - 2007-2014. Активировано 2 Business Manager-а (отлежка БМ 24 месяцев). Ежедневный лимит рекламной кампании 250$. Активирован маркетплейс, подходит для рекламы. В комплекте почта@mail.ru. Пол (MIX). Двухфакторная авторизация включена. Зарегистрированы с Qatar ip.",7713.69,2,3
"Аккаунты FB | Год регистрации - 2007-2014. Активировано 2 Business Manager-а (отлежка БМ 24 месяцев). Ежедневный лимит рекламной кампании 250$. Активирован маркетплейс, подходит для рекламы. В комплекте почта@mail.ru. Пол (MIX). Двухфакторная авторизация включена. Зарегистрированы с Slovakia ip.",7713.69,3,3
"Аккаунты FB | Год регистрации - 2007-2014. Активировано 2 Business Manager-а (отлежка БМ 24 месяцев). Ежедневный лимит рекламной кампании 250$. Активирован маркетплейс, подходит для рекламы. В комплекте почта@mail.ru. Пол (MIX). Двухфакторная авторизация включена. Зарегистрированы с Colombia ip.",7713.69,2,3
"Аккаунты FB | Год регистрации - 2007-2014. Активировано 2 Business Manager-а (отлежка БМ 24 месяцев). Ежедневный лимит рекламной кампании 250$. Активирован маркетплейс, подходит для рекламы. В комплекте почта@mail.ru. Пол (MIX). Двухфакторная авторизация включена. Зарегистрированы с Poland ip.",7713.69,1,3
"Аккаунты FB | Год регистрации - 2007-2014. Активировано 2 Business Manager-а (отлежка БМ 24 месяцев). Ежедневный лимит рекламной кампании 250$. Активирован маркетплейс, подходит для рекламы. В комплекте почта@mail.ru. Пол (MIX). Двухфакторная авторизация включена. Зарегистрированы с Ireland ip.",7713.69,2,3
"Аккаунты FB | Год регистрации - 2007-2014. Активировано 2 Business Manager-а (отлежка БМ 24 месяцев). Ежедневный лимит рекламной кампании 250$. Активирован маркетплейс, подходит для рекламы. В комплекте почта@mail.ru. Пол (MIX). Двухфакторная авторизация включена. Зарегистрированы с Portugal ip.",7713.69,2,3
"Аккаунты FB | Год регистрации - 2007-2014. Активировано 2 Business Manager-а (отлежка БМ 24 месяцев). Ежедневный лимит рекламной кампании 250$. Активирован маркетплейс, подходит для рекламы. В комплекте почта@mail.ru. Пол (MIX). Двухфакторная авторизация включена. Зарегистрированы с Panama ip.",7713.69,2,3
"Аккаунты FB | Год регистрации - 2007-2014. Активировано 2 Business Manager-а (отлежка БМ 24 месяцев). Ежедневный лимит рекламной кампании 250$. Активирован маркетплейс, подходит для рекламы. В комплекте почта@mail.ru. Пол (MIX). Двухфакторная авторизация включена. Зарегистрированы с Peru ip.",7713.69,2,3
"Аккаунты FB | Год регистрации - 2007-2014. Активировано 2 Business Manager-а (отлежка БМ 24 месяцев). Ежедневный лимит рекламной кампании 250$. Активирован маркетплейс, подходит для рекламы. В комплекте почта@mail.ru. Пол (MIX). Двухфакторная авторизация включена. Зарегистрированы с Dominica ip.",7713.69,2,3
"Аккаунты FB | Год регистрации - 2007-2014. Активировано 2 Business Manager-а (отлежка БМ 24 месяцев). Ежедневный лимит рекламной кампании 250$. Активирован маркетплейс, подходит для рекламы. В комплекте почта@mail.ru. Пол (MIX). Двухфакторная авторизация включена. Зарегистрированы с Argentina ip.",7713.69,16,3
"Аккаунты FB | Год регистрации - 2007-2014. Активировано 2 Business Manager-а (отлежка БМ 24 месяцев). Ежедневный лимит рекламной кампании 250$. Активирован маркетплейс, подходит для рекламы. В комплекте почта@mail.ru. Пол (MIX). Двухфакторная авторизация включена. Зарегистрированы с South Korea ip.",7713.69,0,3
"Аккаунты FB | Год регистрации - 2007-2014. Активировано 2 Business Manager-а (отлежка БМ 24 месяцев). Ежедневный лимит рекламной кампании 250$. Активирован маркетплейс, подходит для рекламы. В комплекте почта@mail.ru. Пол (MIX). Двухфакторная авторизация включена. Зарегистрированы с Saudi Arabia ip.",7713.69,2,3
"Аккаунты FB | Год регистрации - 2007-2014. Активировано 2 Business Manager-а (отлежка БМ 24 месяцев). Ежедневный лимит рекламной кампании 250$. Активирован маркетплейс, подходит для рекламы. В комплекте почта@mail.ru. Пол (MIX). Двухфакторная авторизация включена. Зарегистрированы с New Zealand ip.",7713.69,2,3
"Аккаунты FB | Год регистрации - 2007-2014. Активировано 2 Business Manager-а (отлежка БМ 24 месяцев). Ежедневный лимит рекламной кампании 250$. Активирован маркетплейс, подходит для рекламы. В комплекте почта@mail.ru. Пол (MIX). Двухфакторная авторизация включена. Зарегистрированы с Indonesia ip.",7713.69,2,3
"Аккаунты FB | Год регистрации - 2007-2014. Активировано 2 Business Manager-а (отлежка БМ 24 месяцев). Ежедневный лимит рекламной кампании 250$. Активирован маркетплейс, подходит для рекламы. В комплекте почта@mail.ru. Пол (MIX). Двухфакторная авторизация включена. Зарегистрированы с Algeria ip.",7713.69,2,3
"Аккаунты FB | Год регистрации - 2007-2014. Активировано 2 Business Manager-а (отлежка БМ 24 месяцев). Ежедневный лимит рекламной кампании 250$. Активирован маркетплейс, подходит для рекламы. В комплекте почта@mail.ru. Пол (MIX). Двухфакторная авторизация включена. Зарегистрированы с USA ip.",7713.69,1,3
"Аккаунты FB | Год регистрации - 2007-2014. Активировано 2 Business Manager-а (отлежка БМ 24 месяцев). Ежедневный лимит рекламной кампании 250$. Активирован маркетплейс, подходит для рекламы. В комплекте почта@mail.ru. Пол (MIX). Двухфакторная авторизация включена. Зарегистрированы с Pakistan ip.",7713.69,1,3
"Аккаунты FB | Год регистрации - 2007-2014. Активировано 2 Business Manager-а (отлежка БМ 24 месяцев). Ежедневный лимит рекламной кампании 250$. Активирован маркетплейс, подходит для рекламы. В комплекте почта@mail.ru. Пол (MIX). Двухфакторная авторизация включена. Зарегистрированы с Finland ip.",7713.69,1,3
"Аккаунты FB | Год регистрации - 2007-2014. Активировано 2 Business Manager-а (отлежка БМ 24 месяцев). Ежедневный лимит рекламной кампании 250$. Активирован маркетплейс, подходит для рекламы. В комплекте почта@mail.ru. Пол (MIX). Двухфакторная авторизация включена. Зарегистрированы с Egypt ip.",7713.69,2,3
"Аккаунты FB | Год регистрации - 2007-2014. Активировано 2 Business Manager-а (отлежка БМ 24 месяцев). Ежедневный лимит рекламной кампании 250$. Активирован маркетплейс, подходит для рекламы. В комплекте почта@mail.ru. Пол (MIX). Двухфакторная авторизация включена. Зарегистрированы с Uruguay ip.",7713.69,2,3
"Аккаунты FB | Год регистрации - 2007-2014. Активировано 2 Business Manager-а (отлежка БМ 24 месяцев). Ежедневный лимит рекламной кампании 250$. Активирован маркетплейс, подходит для рекламы. В комплекте почта@mail.ru. Пол (MIX). Двухфакторная авторизация включена. Зарегистрированы с Greece ip.",7713.69,2,3
"Аккаунты FB | Год регистрации - 2007-2014. Активировано 2 Business Manager-а (отлежка БМ 24 месяцев). Ежедневный лимит рекламной кампании 250$. Активирован маркетплейс, подходит для рекламы. В комплекте почта@mail.ru. Пол (MIX). Двухфакторная авторизация включена. Зарегистрированы с United Arab Emirates ip.",7713.69,3,3
"Аккаунты FB | Год регистрации - 2007-2014. Активировано 2 Business Manager-а (отлежка БМ 24 месяцев). Ежедневный лимит рекламной кампании 250$. Активирован маркетплейс, подходит для рекламы. В комплекте почта@mail.ru. Пол (MIX). Двухфакторная авторизация включена. Зарегистрированы с Austria ip.",7713.69,3,3
"Аккаунты FB | Год регистрации - 2007-2014. Активировано 2 Business Manager-а (отлежка БМ 24 месяцев). Ежедневный лимит рекламной кампании 250$. Активирован маркетплейс, подходит для рекламы. В комплекте почта@mail.ru. Пол (MIX). Двухфакторная авторизация включена. Зарегистрированы с India ip.",7713.69,2,3
"Аккаунты FB | Год регистрации - 2007-2014. Активировано 2 Business Manager-а (отлежка БМ 24 месяцев). Ежедневный лимит рекламной кампании 250$. Активирован маркетплейс, подходит для рекламы. В комплекте почта@mail.ru. Пол (MIX). Двухфакторная авторизация включена. Зарегистрированы с Puerto Rico ip.",7713.69,2,3
"Аккаунты FB | Год регистрации - 2007-2014. Активировано 2 Business Manager-а (отлежка БМ 24 месяцев). Ежедневный лимит рекламной кампании 250$. Активирован маркетплейс, подходит для рекламы. В комплекте почта@mail.ru. Пол (MIX). Двухфакторная авторизация включена. Зарегистрированы с Italy ip.",7713.69,4,3
"Аккаунты FB | Год регистрации - 2007-2014. Активировано 2 Business Manager-а (отлежка БМ 24 месяцев). Ежедневный лимит рекламной кампании 250$. Активирован маркетплейс, подходит для рекламы. В комплекте почта@mail.ru. Пол (MIX). Двухфакторная авторизация включена. Зарегистрированы с Iceland ip.",7713.69,2,3
"Аккаунты FB | Год регистрации - 2007-2014. Активировано 2 Business Manager-а (отлежка БМ 24 месяцев). Ежедневный лимит рекламной кампании 250$. Активирован маркетплейс, подходит для рекламы. В комплекте почта@mail.ru. Пол (MIX). Двухфакторная авторизация включена. Зарегистрированы с Bulgaria ip.",7713.69,2,3
"Аккаунты FB | Год регистрации - 2007-2014. Активировано 2 Business Manager-а (отлежка БМ 24 месяцев). Ежедневный лимит рекламной кампании 250$. Активирован маркетплейс, подходит для рекламы. В комплекте почта@mail.ru. Пол (MIX). Двухфакторная авторизация включена. Зарегистрированы с Hungary ip.",7713.69,2,3
"Аккаунты FB | Год регистрации - 2007-2014. Активировано 2 Business Manager-а (отлежка БМ 24 месяцев). Ежедневный лимит рекламной кампании 250$. Активирован маркетплейс, подходит для рекламы. В комплекте почта@mail.ru. Пол (MIX). Двухфакторная авторизация включена. Зарегистрированы с Morocco ip.",7713.69,2,3
"Аккаунты FB | Год регистрации - 2007-2014. Активировано 2 Business Manager-а (отлежка БМ 24 месяцев). Ежедневный лимит рекламной кампании 250$. Активирован маркетплейс, подходит для рекламы. В комплекте почта@mail.ru. Пол (MIX). Двухфакторная авторизация включена. Зарегистрированы с Israel ip.",7713.69,1,3
"Аккаунты FB | Год регистрации - 2007-2014. Активировано 2 Business Manager-а (отлежка БМ 24 месяцев). Ежедневный лимит рекламной кампании 250$. Активирован маркетплейс, подходит для рекламы. В комплекте почта@mail.ru. Пол (MIX). Двухфакторная авторизация включена. Зарегистрированы с Philippines ip.",7713.69,1,3
"Аккаунты FB | Год регистрации - 2007-2014. Активировано 2 Business Manager-а (отлежка БМ 24 месяцев). Ежедневный лимит рекламной кампании 250$. Активирован маркетплейс, подходит для рекламы. В комплекте почта@mail.ru. Пол (MIX). Двухфакторная авторизация включена. Зарегистрированы с Mali ip.",7713.69,3,3
"Аккаунты FB | Год регистрации - 2007-2014. Активировано 2 Business Manager-а (отлежка БМ 24 месяцев). Ежедневный лимит рекламной кампании 250$. Активирован маркетплейс, подходит для рекламы. В комплекте почта@mail.ru. Пол (MIX). Двухфакторная авторизация включена. Зарегистрированы с Bangladesh ip.",7713.69,2,3
"Аккаунты FB | Год регистрации - 2007-2014. Активировано 2 Business Manager-а (отлежка БМ 24 месяцев). Ежедневный лимит рекламной кампании 250$. Активирован маркетплейс, подходит для рекламы. В комплекте почта@mail.ru. Пол (MIX). Двухфакторная авторизация включена. Зарегистрированы с Nigeria ip.",7713.69,1,3
"Аккаунты FB | Год регистрации - 2007-2014. Активировано 2 Business Manager-а (отлежка БМ 24 месяцев). Ежедневный лимит рекламной кампании 250$. Активирован маркетплейс, подходит для рекламы. В комплекте почта@mail.ru. Пол (MIX). Двухфакторная авторизация включена. Зарегистрированы с Singapore ip.",7713.69,2,3
"Аккаунты FB | Год регистрации - 2007-2014. Активировано 2 Business Manager-а (отлежка БМ 24 месяцев). Ежедневный лимит рекламной кампании 250$. Активирован маркетплейс, подходит для рекламы. В комплекте почта@mail.ru. Пол (MIX). Двухфакторная авторизация включена. Зарегистрированы с Brazil ip.",7713.69,2,3
"Аккаунты FB | Год регистрации - 2007-2014. Активировано 2 Business Manager-а (отлежка БМ 24 месяцев). Ежедневный лимит рекламной кампании 250$. Активирован маркетплейс, подходит для рекламы. В комплекте почта@mail.ru. Пол (MIX). Двухфакторная авторизация включена. Зарегистрированы с Czech Republic ip.",7713.69,2,3
"Аккаунты FB | Год регистрации - 2007-2014. Активировано 2 Business Manager-а (отлежка БМ 24 месяцев). Ежедневный лимит рекламной кампании 250$. Активирован маркетплейс, подходит для рекламы. В комплекте почта@mail.ru. Пол (MIX). Двухфакторная авторизация включена. Зарегистрированы с Norway ip.",7713.69,2,3
"Аккаунты FB | Год регистрации - 2007-2014. Активировано 2 Business Manager-а (отлежка БМ 24 месяцев). Ежедневный лимит рекламной кампании 250$. Активирован маркетплейс, подходит для рекламы. В комплекте почта@mail.ru. Пол (MIX). Двухфакторная авторизация включена. Зарегистрированы с Canada ip.",7713.69,2,3
"Аккаунты FB | Год регистрации - 2007-2014. Активировано 2 Business Manager-а (отлежка БМ 24 месяцев). Ежедневный лимит рекламной кампании 250$. Активирован маркетплейс, подходит для рекламы. В комплекте почта@mail.ru. Пол (MIX). Двухфакторная авторизация включена. Зарегистрированы с Spain ip.",7713.69,2,3
"Аккаунты FB | Год регистрации - 2007-2014. Активировано 2 Business Manager-а (отлежка БМ 24 месяцев). Ежедневный лимит рекламной кампании 250$. Активирован маркетплейс, подходит для рекламы. В комплекте почта@mail.ru. Пол (MIX). Двухфакторная авторизация включена. Зарегистрированы с Mexico ip.",7713.69,2,3
"Аккаунты FB | Год регистрации - 2007-2014. Активировано 2 Business Manager-а (отлежка БМ 24 месяцев). Ежедневный лимит рекламной кампании 250$. Активирован маркетплейс, подходит для рекламы. В комплекте почта@mail.ru. Пол (MIX). Двухфакторная авторизация включена. Зарегистрированы с Romania ip.",7713.69,2,3
"Аккаунты FB | Год регистрации - 2007-2014. Активировано 2 Business Manager-а (отлежка БМ 24 месяцев). Ежедневный лимит рекламной кампании 250$. Активирован маркетплейс, подходит для рекламы. В комплекте почта@mail.ru. Пол (MIX). Двухфакторная авторизация включена. Зарегистрированы с Belgium ip.",7713.69,5,3
"Аккаунты FB | Год регистрации - 2007-2014. Активировано 2 Business Manager-а (отлежка БМ 24 месяцев). Ежедневный лимит рекламной кампании 250$. Активирован маркетплейс, подходит для рекламы. В комплекте почта@mail.ru. Пол (MIX). Двухфакторная авторизация включена. Зарегистрированы с Cyprus ip.",7713.69,3,3
"Аккаунты FB | Год регистрации - 2007-2014. Активировано 2 Business Manager-а (отлежка БМ 24 месяцев). Ежедневный лимит рекламной кампании 250$. Активирован маркетплейс, подходит для рекламы. В комплекте почта@mail.ru. Пол (MIX). Двухфакторная авторизация включена. Зарегистрированы с Vietnam ip.",7713.69,4,3
"Аккаунты FB | Год регистрации - 2007-2014. Активировано 2 Business Manager-а (отлежка БМ 24 месяцев). Ежедневный лимит рекламной кампании 250$. Активирован маркетплейс, подходит для рекламы. В комплекте почта@mail.ru. Пол (MIX). Двухфакторная авторизация включена. Зарегистрированы с Japan ip.",7713.69,4,3
"Аккаунты FB | Год регистрации - 2007-2014. Активировано 2 Business Manager-а (отлежка БМ 24 месяцев). Ежедневный лимит рекламной кампании 250$. Активирован маркетплейс, подходит для рекламы. В комплекте почта@mail.ru. Пол (MIX). Двухфакторная авторизация включена. Зарегистрированы с Netherlands ip.",7713.69,2,3
"Аккаунты FB | Год регистрации - 2007-2014. Активировано 2 Business Manager-а (отлежка БМ 24 месяцев). Ежедневный лимит рекламной кампании 250$. Активирован маркетплейс, подходит для рекламы. В комплекте почта@mail.ru. Пол (MIX). Двухфакторная авторизация включена. Зарегистрированы с Turkey ip.",7713.69,2,3
"Аккаунты FB | Год регистрации - 2007-2014. Активировано 2 Business Manager-а (отлежка БМ 24 месяцев). Ежедневный лимит рекламной кампании 250$. Активирован маркетплейс, подходит для рекламы. В комплекте почта@mail.ru. Пол (MIX). Двухфакторная авторизация включена. Зарегистрированы с Thailand ip.",7713.69,17,3
"Аккаунты FB | Год регистрации - 2007-2014. Активировано 2 Business Manager-а (отлежка БМ 24 месяцев). Ежедневный лимит рекламной кампании 250$. Активирован маркетплейс, подходит для рекламы. В комплекте почта@mail.ru. Пол (MIX). Двухфакторная авторизация включена. Зарегистрированы с France ip.",7713.69,4,3
"Аккаунты FB | Год регистрации - 2007-2014. Активировано 2 Business Manager-а (отлежка БМ 24 месяцев). Ежедневный лимит рекламной кампании 250$. Активирован маркетплейс, подходит для рекламы. В комплекте почта@mail.ru. Пол (MIX). Двухфакторная авторизация включена. Зарегистрированы с Switzerland ip.",7713.69,15,3
"Аккаунты FB | Год регистрации - 2007-2014. Активировано 2 Business Manager-а (отлежка БМ 24 месяцев). Ежедневный лимит рекламной кампании 250$. Активирован маркетплейс, подходит для рекламы. В комплекте почта@mail.ru. Пол (MIX). Двухфакторная авторизация включена. Зарегистрированы с Sweden ip.",7713.69,2,3
"Аккаунты FB | Год регистрации - 2007-2014. Активировано 2 Business Manager-а (отлежка БМ 24 месяцев). Ежедневный лимит рекламной кампании 250$. Активирован маркетплейс, подходит для рекламы. В комплекте почта@mail.ru. Пол (MIX). Двухфакторная авторизация включена. Зарегистрированы с Malaysia ip.",7713.69,2,3
"Аккаунты FB | Год регистрации - 2007-2014. Активировано 2 Business Manager-а (отлежка БМ 24 месяцев). Ежедневный лимит рекламной кампании 250$. Активирован маркетплейс, подходит для рекламы. В комплекте почта@mail.ru. Пол (MIX). Двухфакторная авторизация включена. Зарегистрированы с Slovenia ip.",7713.69,1,3
"Аккаунты FB | Год регистрации - 2008-2010. Активировано 2 Business Manager-а (отлежка БМ 24 месяцев). Ежедневный лимит рекламной кампании 250$. Активирован маркетплейс, подходит для рекламы. В комплекте почта@gmail.com. Пол (MIX). Зарегистрированы с Ukraine ip.",18512.86,1,3
Аккаунты FB | Год регистрации - 2007-2014. Активирован Верифицированный Business Manager. Ежедневный лимит рекламной кампании 250$. В комплекте почта@gmail.com. Пол (MIX). Зарегистрированы с Czech Republic ip.,34344.13,0,3
Аккаунты FB | Год регистрации - 2007-2014. Активирован Верифицированный Business Manager. Ежедневный лимит рекламной кампании 250$. В комплекте почта@gmail.com. Пол (MIX). Зарегистрированы с Netherlands ip.,34344.13,0,3
Аккаунты FB | Год регистрации - 2007-2014. Активирован Верифицированный Business Manager. Ежедневный лимит рекламной кампании 250$. В комплекте почта@gmail.com. Пол (MIX). Зарегистрированы с Sweden ip.,45792.17,1,3
Аккаунты FB | Год регистрации - 2007-2014. Активирован Верифицированный Business Manager. Ежедневный лимит рекламной кампании 250$. В комплекте почта@gmail.com. Пол (MIX). Зарегистрированы с Poland ip.,45792.17,1,3
Аккаунты FB | Год регистрации - 2007-2014. Активирован Верифицированный Business Manager. Ежедневный лимит рекламной кампании 250$. В комплекте почта@gmail.com. Пол (MIX). Зарегистрированы с Hungary ip.,45792.17,1,3
Аккаунты FB | Год регистрации - 2007-2014. Активирован Верифицированный Business Manager. Ежедневный лимит рекламной кампании 250$. В комплекте почта@gmail.com. Пол (MIX). Зарегистрированы с Belgium ip.,46282.14,1,3
Аккаунты FB | Год регистрации - 2007-2014. Активирован Верифицированный Business Manager. Ежедневный лимит рекламной кампании 250$. В комплекте почта@gmail.com. Пол (MIX). Зарегистрированы с Portugal ip.,46282.14,1,3
"Аккаунты FB | Активировано 11 Business Manager-ов , подходит для рекламы. Ежедневный лимит рекламной кампании до 250$. В настройках платежей валюта USD. В комплекте почта@gmail.com. Количество друзей 2000+ (друзья и подписчики). Пол (MIX). Зарегистрированы с MIX ip.",57240.21,0,3
